sample,format,dataset,task,trans,feature,label,l_t,l_pre,l_mp,l_post,stage,bn,act,drop,agg,optim,lr,epoch,loss,loss_std,params,time_iter,time_iter_std,accuracy,accuracy_std,precision,precision_std,recall,recall_std,f1,f1_std,auc,auc_std
l_t,PyG,AmazonComputers,node,True,,,gaddconv,1,8,1,stack,True,swish,0.6,mean,adam,0.001,19,1.9761,0.0058,232039.0,0.3892,0.012,0.3749,0.0019,,,,,,,,
l_t,PyG,AmazonComputers,node,True,,,gaddconv,2,2,2,stack,False,swish,0.6,add,adam,0.1,0,2.3133,0.0208,275558.0,0.1934,0.0276,0.1038,0.0201,,,,,,,,
l_t,PyG,AmazonComputers,node,True,,,gaddconv,2,2,3,skipsum,False,prelu,0.6,add,sgd,0.001,39,2.1982,0.0099,258725.0,0.1715,0.0089,0.2288,0.0124,,,,,,,,
l_t,PyG,AmazonComputers,node,True,,,gaddconv,3,8,3,skipconcat,False,relu,0.0,add,sgd,0.1,379,1.1173,0.6221,158662.0,0.1908,0.0155,0.6265,0.2206,,,,,,,,
l_t,PyG,AmazonComputers,node,True,,,generalconv,1,8,1,stack,True,swish,0.6,mean,adam,0.001,99,1.3754,0.0053,232842.0,0.16,0.0061,0.7991,0.0004,,,,,,,,
l_t,PyG,AmazonComputers,node,True,,,generalconv,2,2,2,stack,False,swish,0.6,add,adam,0.1,0,2.3207,0.0169,274830.0,0.132,0.0571,0.0805,0.0141,,,,,,,,
l_t,PyG,AmazonComputers,node,True,,,generalconv,2,2,3,skipsum,False,prelu,0.6,add,sgd,0.001,59,2.1593,0.0294,260485.0,0.0993,0.0027,0.249,0.0212,,,,,,,,
l_t,PyG,AmazonComputers,node,True,,,generalconv,3,8,3,skipconcat,False,relu,0.0,add,sgd,0.1,19,1.8741,0.0034,158246.0,0.1146,0.0249,0.3766,0.0019,,,,,,,,
l_t,PyG,AmazonComputers,node,True,,,gmulconv,1,8,1,stack,True,swish,0.6,mean,adam,0.001,19,1.9908,0.002,233866.0,0.3107,0.0074,0.3737,0.0019,,,,,,,,
l_t,PyG,AmazonComputers,node,True,,,gmulconv,2,2,2,stack,False,swish,0.6,add,adam,0.1,0,2.3246,0.0067,275194.0,0.1985,0.0505,0.0963,0.0024,,,,,,,,
l_t,PyG,AmazonComputers,node,True,,,gmulconv,2,2,3,skipsum,False,prelu,0.6,add,sgd,0.001,59,2.1859,0.0138,260811.0,0.1684,0.0086,0.228,0.0083,,,,,,,,
l_t,PyG,AmazonComputers,node,True,,,gmulconv,3,8,3,skipconcat,False,relu,0.0,add,sgd,0.1,139,1.4068,0.3242,158454.0,0.163,0.007,0.5127,0.1364,,,,,,,,
l_t,PyG,AmazonPhoto,node,True,,,gaddconv,1,2,1,skipconcat,True,relu,0.0,mean,adam,0.1,379,0.0408,0.0017,293862.0,0.0753,0.0003,0.9964,0.0004,,,,,,,,
l_t,PyG,AmazonPhoto,node,True,,,gaddconv,3,2,2,skipconcat,False,swish,0.3,mean,adam,0.001,119,0.0759,0.0309,207491.0,0.0478,0.0059,0.9862,0.0064,,,,,,,,
l_t,PyG,AmazonPhoto,node,True,,,gaddconv,3,4,1,skipsum,True,relu,0.0,max,adam,0.01,79,0.174,0.0475,243587.0,0.1273,0.0058,0.9834,0.011,,,,,,,,
l_t,PyG,AmazonPhoto,node,True,,,gaddconv,3,6,1,skipconcat,True,swish,0.3,add,sgd,0.1,159,0.5371,0.0085,196012.0,0.1075,0.0032,0.8917,0.001,,,,,,,,
l_t,PyG,AmazonPhoto,node,True,,,generalconv,1,2,1,skipconcat,True,relu,0.0,mean,adam,0.1,379,0.0413,0.0062,293026.0,0.0454,0.0057,0.9963,0.0011,,,,,,,,
l_t,PyG,AmazonPhoto,node,True,,,generalconv,3,2,2,skipconcat,False,swish,0.3,mean,adam,0.001,139,0.0745,0.0275,210610.0,0.0314,0.0019,0.9837,0.0092,,,,,,,,
l_t,PyG,AmazonPhoto,node,True,,,generalconv,3,4,1,skipsum,True,relu,0.0,max,adam,0.01,99,0.1193,0.0019,244948.0,0.0608,0.0022,0.9965,0.0003,,,,,,,,
l_t,PyG,AmazonPhoto,node,True,,,generalconv,3,6,1,skipconcat,True,swish,0.3,add,sgd,0.1,79,1.0253,0.0669,195100.0,0.0751,0.0072,0.7519,0.0181,,,,,,,,
l_t,PyG,AmazonPhoto,node,True,,,gmulconv,1,2,1,skipconcat,True,relu,0.0,mean,adam,0.1,239,0.058,0.0132,293444.0,0.0798,0.0114,0.9927,0.003,,,,,,,,
l_t,PyG,AmazonPhoto,node,True,,,gmulconv,3,2,2,skipconcat,False,swish,0.3,mean,adam,0.001,159,0.0677,0.0296,210806.0,0.0524,0.0013,0.9883,0.0063,,,,,,,,
l_t,PyG,AmazonPhoto,node,True,,,gmulconv,3,4,1,skipsum,True,relu,0.0,max,adam,0.01,99,0.4318,0.0349,245540.0,0.107,0.0024,0.9015,0.015,,,,,,,,
l_t,PyG,AmazonPhoto,node,True,,,gmulconv,3,6,1,skipconcat,True,swish,0.3,add,sgd,0.1,59,1.2085,0.1283,195556.0,0.0906,0.0008,0.6352,0.0498,,,,,,,,
l_t,PyG,CiteSeer,node,True,,,gaddconv,1,2,2,stack,True,relu,0.0,mean,sgd,0.1,39,0.0864,0.009,908738.0,0.079,0.0039,0.9638,0.0029,,,,,,,,
l_t,PyG,CiteSeer,node,True,,,gaddconv,1,8,1,stack,False,swish,0.3,max,adam,0.1,79,1.6949,0.0904,609030.0,0.1235,0.0443,0.2594,0.0645,,,,,,,,
l_t,PyG,CiteSeer,node,True,,,generalconv,1,2,2,stack,True,relu,0.0,mean,sgd,0.1,39,0.0676,0.0073,907902.0,0.0734,0.0031,0.9697,0.002,,,,,,,,
l_t,PyG,CiteSeer,node,True,,,generalconv,1,8,1,stack,False,swish,0.3,max,adam,0.1,59,1.5878,0.0908,612756.0,0.0801,0.0015,0.3358,0.0405,,,,,,,,
l_t,PyG,CiteSeer,node,True,,,gmulconv,1,2,2,stack,True,relu,0.0,mean,sgd,0.1,39,0.0821,0.0144,908320.0,0.084,0.0066,0.9656,0.0027,,,,,,,,
l_t,PyG,CiteSeer,node,True,,,gmulconv,1,8,1,stack,False,swish,0.3,max,adam,0.1,0,1.7638,0.0215,608006.0,0.097,0.0043,0.1973,0.0195,,,,,,,,
l_t,PyG,CoauthorCS,node,True,,,gaddconv,2,2,3,skipsum,True,swish,0.6,add,sgd,0.01,399,1.1816,0.0562,1238667.0,0.7071,0.0313,0.6339,0.0205,,,,,,,,
l_t,PyG,CoauthorCS,node,True,,,gaddconv,2,4,2,stack,False,relu,0.3,add,adam,0.1,0,2.5831,0.1984,1143019.0,0.6864,0.0163,0.1342,0.0823,,,,,,,,
l_t,PyG,CoauthorCS,node,True,,,generalconv,2,2,3,skipsum,True,swish,0.6,add,sgd,0.01,399,1.0646,0.0202,1238019.0,0.6153,0.0155,0.6811,0.0042,,,,,,,,
l_t,PyG,CoauthorCS,node,True,,,generalconv,2,4,2,stack,False,relu,0.3,add,adam,0.1,0,2.6277,0.1557,1150444.0,0.7119,0.0957,0.1123,0.0801,,,,,,,,
l_t,PyG,CoauthorCS,node,True,,,gmulconv,2,2,3,skipsum,True,swish,0.6,add,sgd,0.01,379,1.5233,0.0276,1238343.0,0.6802,0.0133,0.5192,0.0114,,,,,,,,
l_t,PyG,CoauthorCS,node,True,,,gmulconv,2,4,2,stack,False,relu,0.3,add,adam,0.1,0,2.3957,0.2253,1142427.0,0.6618,0.0122,0.2272,0.0999,,,,,,,,
l_t,PyG,CoauthorPhysics,node,True,,,gaddconv,1,8,2,stack,True,relu,0.6,mean,sgd,0.001,39,2.2528,0.1278,1144325.0,1.6441,0.0517,0.3214,0.0431,,,,,,,,
l_t,PyG,CoauthorPhysics,node,True,,,gaddconv,2,8,2,skipconcat,True,relu,0.3,add,sgd,0.1,99,0.1316,0.0031,425889.0,1.6107,0.017,0.9577,0.0008,,,,,,,,
l_t,PyG,CoauthorPhysics,node,True,,,gaddconv,3,4,3,skipconcat,False,prelu,0.6,mean,sgd,0.01,19,1.3943,0.005,534819.0,1.429,0.0831,0.5047,0.0004,,,,,,,,
l_t,PyG,CoauthorPhysics,node,True,,,generalconv,1,8,2,stack,True,relu,0.6,mean,sgd,0.001,99,1.2181,0.0365,1153014.0,1.5187,0.0228,0.6013,0.0147,,,,,,,,
l_t,PyG,CoauthorPhysics,node,True,,,generalconv,2,8,2,skipconcat,True,relu,0.3,add,sgd,0.1,79,0.1292,0.0021,425345.0,1.589,0.0482,0.9583,0.0001,,,,,,,,
l_t,PyG,CoauthorPhysics,node,True,,,generalconv,3,4,3,skipconcat,False,prelu,0.6,mean,sgd,0.01,199,0.5263,0.1471,534443.0,1.3834,0.0242,0.8105,0.0709,,,,,,,,
l_t,PyG,CoauthorPhysics,node,True,,,gmulconv,1,8,2,stack,True,relu,0.6,mean,sgd,0.001,39,2.1945,0.0256,1143365.0,1.6031,0.0367,0.3289,0.0208,,,,,,,,
l_t,PyG,CoauthorPhysics,node,True,,,gmulconv,2,8,2,skipconcat,True,relu,0.3,add,sgd,0.1,99,0.1864,0.0087,425617.0,1.533,0.0344,0.9449,0.0025,,,,,,,,
l_t,PyG,CoauthorPhysics,node,True,,,gmulconv,3,4,3,skipconcat,False,prelu,0.6,mean,sgd,0.01,199,1.1635,0.0799,534631.0,1.2879,0.0408,0.5595,0.0371,,,,,,,,
l_t,PyG,Cora,node,True,,,gaddconv,1,2,2,skipsum,True,relu,0.0,mean,sgd,0.001,99,1.4471,0.0332,434518.0,0.0244,0.0004,0.4776,0.0197,,,,,,,,
l_t,PyG,Cora,node,True,,,gaddconv,2,8,1,stack,False,swish,0.3,max,sgd,0.1,0,1.9577,0.008,309162.0,0.0801,0.0456,0.1361,0.0217,,,,,,,,
l_t,PyG,Cora,node,True,,,gaddconv,3,4,2,skipconcat,True,relu,0.0,max,sgd,0.01,119,0.0571,0.005,223207.0,0.0327,0.0017,0.9994,0.0004,,,,,,,,
l_t,PyG,Cora,node,True,,,generalconv,1,2,2,skipsum,True,relu,0.0,mean,sgd,0.001,99,0.8444,0.0356,433682.0,0.0173,0.0018,0.7369,0.0085,,,,,,,,
l_t,PyG,Cora,node,True,,,generalconv,2,8,1,stack,False,swish,0.3,max,sgd,0.1,159,1.8205,0.1562,307226.0,0.0512,0.0356,0.2414,0.106,,,,,,,,
l_t,PyG,Cora,node,True,,,generalconv,3,4,2,skipconcat,True,relu,0.0,max,sgd,0.01,119,0.0391,0.0024,222727.0,0.0226,0.0012,0.9998,0.0002,,,,,,,,
l_t,PyG,Cora,node,True,,,gmulconv,1,2,2,skipsum,True,relu,0.0,mean,sgd,0.001,99,1.4338,0.0013,434100.0,0.024,0.0013,0.4871,0.0092,,,,,,,,
l_t,PyG,Cora,node,True,,,gmulconv,2,8,1,stack,False,swish,0.3,max,sgd,0.1,0,1.9715,0.0044,308194.0,0.0865,0.0373,0.1273,0.0123,,,,,,,,
l_t,PyG,Cora,node,True,,,gmulconv,3,4,2,skipconcat,True,relu,0.0,max,sgd,0.01,139,0.0642,0.0075,222967.0,0.0369,0.0024,0.9966,0.0019,,,,,,,,
l_t,PyG,TU_BZR,graph,False,,,gaddconv,2,2,3,stack,True,swish,0.0,add,adam,0.01,379,0.105,0.0567,142561.0,0.0308,0.0015,0.9577,0.0293,0.9236,0.0591,0.8775,0.0818,0.8998,0.071,0.989,0.0108
l_t,PyG,TU_BZR,graph,False,,,gaddconv,2,6,1,skipconcat,False,prelu,0.3,max,sgd,0.1,39,0.7069,0.2145,140090.0,0.0394,0.0027,0.7141,0.0963,0.4185,0.1406,0.2429,0.1206,0.2577,0.0585,0.6443,0.0479
l_t,PyG,TU_BZR,graph,False,,,gaddconv,2,8,1,stack,True,swish,0.0,add,adam,0.01,119,0.1516,0.0881,140401.0,0.0421,0.0044,0.9453,0.0392,0.896,0.0829,0.8493,0.0991,0.8714,0.0888,0.971,0.022
l_t,PyG,TU_BZR,graph,False,,,gaddconv,2,8,3,skipsum,True,prelu,0.6,max,sgd,0.01,39,0.5176,0.0227,140939.0,0.049,0.0008,0.7957,0.0091,0.7607,0.1705,0.0993,0.0088,0.1745,0.0134,0.6022,0.0347
l_t,PyG,TU_BZR,graph,False,,,generalconv,2,2,3,stack,True,swish,0.0,add,adam,0.01,239,0.0251,0.0176,141913.0,0.0203,0.0007,0.9938,0.0051,0.9952,0.0067,0.9756,0.025,0.9851,0.0124,0.9993,0.0009
l_t,PyG,TU_BZR,graph,False,,,generalconv,2,6,1,skipconcat,False,prelu,0.3,max,sgd,0.1,79,3.0986,2.1726,139154.0,0.0247,0.0009,0.6915,0.0781,0.3942,0.2878,0.1815,0.0708,0.2008,0.036,0.5467,0.0572
l_t,PyG,TU_BZR,graph,False,,,generalconv,2,8,1,stack,True,swish,0.0,add,adam,0.01,159,0.0841,0.107,140724.0,0.0284,0.002,0.967,0.0445,0.9592,0.0577,0.8729,0.1702,0.9094,0.1233,0.9811,0.0267
l_t,PyG,TU_BZR,graph,False,,,generalconv,2,8,3,skipsum,True,prelu,0.6,max,sgd,0.01,59,0.5005,0.0032,139195.0,0.0334,0.0024,0.7833,0.0101,0.5329,0.1587,0.0844,0.0323,0.1428,0.0483,0.6429,0.0322
l_t,PyG,TU_BZR,graph,False,,,gmulconv,2,2,3,stack,True,swish,0.0,add,adam,0.01,379,0.0563,0.0192,142237.0,0.0284,0.0014,0.9835,0.0077,0.9761,0.0177,0.9483,0.0164,0.962,0.0171,0.9983,0.0013
l_t,PyG,TU_BZR,graph,False,,,gmulconv,2,6,1,skipconcat,False,prelu,0.3,max,sgd,0.1,199,0.6138,0.0874,139622.0,0.0389,0.0024,0.7565,0.0555,0.6292,0.2916,0.1811,0.1063,0.2252,0.0635,0.6251,0.0256
l_t,PyG,TU_BZR,graph,False,,,gmulconv,2,8,1,stack,True,swish,0.0,add,adam,0.01,99,0.4778,0.0169,139441.0,0.0538,0.0045,0.7905,0.0129,0.9048,0.1347,0.0584,0.0627,0.0997,0.102,0.6914,0.005
l_t,PyG,TU_BZR,graph,False,,,gmulconv,2,8,3,skipsum,True,prelu,0.6,max,sgd,0.01,159,0.5087,0.0045,140067.0,0.0584,0.0048,0.7936,0.0039,0.7121,0.0536,0.0897,0.0341,0.1567,0.0553,0.6221,0.0132
l_t,PyG,TU_COX2,graph,False,,,gaddconv,2,2,3,skipsum,False,swish,0.6,add,sgd,0.1,0,1.4586,1.312,138673.0,0.0261,0.0004,0.731,0.0714,0.0609,0.0862,0.0717,0.1014,0.0659,0.0932,0.4889,0.0043
l_t,PyG,TU_COX2,graph,False,,,gaddconv,3,2,3,stack,False,prelu,0.0,max,adam,0.01,0,2.8396,3.3842,138382.0,0.0307,0.0052,0.7328,0.1017,0.5588,0.264,0.216,0.0994,0.2548,0.0667,0.6772,0.1261
l_t,PyG,TU_COX2,graph,False,,,gaddconv,3,6,1,skipconcat,False,prelu,0.0,mean,adam,0.01,339,0.4491,0.0164,137638.0,0.0569,0.0256,0.8043,0.0079,0.7364,0.1868,0.2305,0.1539,0.3074,0.1458,0.7613,0.0348
l_t,PyG,TU_COX2,graph,False,,,generalconv,2,2,3,skipsum,False,swish,0.6,add,sgd,0.1,19,0.5261,0.0043,139692.0,0.0178,0.0008,0.7837,0.0033,0.0,0.0,0.0,0.0,0.0,0.0,0.4971,0.0282
l_t,PyG,TU_COX2,graph,False,,,generalconv,3,2,3,stack,False,prelu,0.0,max,adam,0.01,99,0.5243,0.0009,139615.0,0.0416,0.0271,0.7837,0.0033,0.0,0.0,0.0,0.0,0.0,0.0,0.5333,0.0214
l_t,PyG,TU_COX2,graph,False,,,generalconv,3,6,1,skipconcat,False,prelu,0.0,mean,adam,0.01,19,0.5219,0.0016,136726.0,0.0276,0.0002,0.7837,0.0033,0.0,0.0,0.0,0.0,0.0,0.0,0.5636,0.01
l_t,PyG,TU_COX2,graph,False,,,gmulconv,2,2,3,skipsum,False,swish,0.6,add,sgd,0.1,0,4.0967,1.0514,140018.0,0.0367,0.0115,0.5675,0.0659,0.1936,0.0157,0.3059,0.0478,0.2341,0.0046,0.492,0.0212
l_t,PyG,TU_COX2,graph,False,,,gmulconv,3,2,3,stack,False,prelu,0.0,max,adam,0.01,0,1.6124,1.5438,139913.0,0.0291,0.0022,0.7158,0.0929,0.0677,0.0957,0.1097,0.1551,0.0837,0.1184,0.555,0.0462
l_t,PyG,TU_COX2,graph,False,,,gmulconv,3,6,1,skipconcat,False,prelu,0.0,mean,adam,0.01,319,0.4025,0.0307,137182.0,0.0401,0.0033,0.84,0.011,0.7784,0.0573,0.3675,0.032,0.498,0.0339,0.8135,0.0285
l_t,PyG,TU_DD,graph,False,,,gaddconv,1,6,1,skipsum,False,swish,0.6,max,sgd,0.001,99,5.1792,3.4981,147557.0,0.1331,0.0037,0.5583,0.0243,0.4356,0.0473,0.3065,0.127,0.3463,0.1076,0.6338,0.059
l_t,PyG,TU_DD,graph,False,,,gaddconv,1,6,2,skipconcat,False,relu,0.6,mean,sgd,0.001,179,3.4508,4.1145,140889.0,0.0766,0.0154,0.6833,0.0909,0.6392,0.138,0.5105,0.121,0.5676,0.1293,0.7386,0.0983
l_t,PyG,TU_DD,graph,False,,,gaddconv,1,6,3,skipconcat,True,prelu,0.6,add,sgd,0.1,59,0.4248,0.0324,142666.0,0.1158,0.0053,0.8062,0.0182,0.7781,0.0093,0.7358,0.0521,0.7557,0.0321,0.8819,0.0189
l_t,PyG,TU_DD,graph,False,,,gaddconv,2,6,2,stack,True,relu,0.3,max,sgd,0.001,0,0.676,0.0862,146433.0,0.1917,0.0019,0.6185,0.0949,0.5392,0.1174,0.5359,0.0941,0.5372,0.1058,0.6487,0.1096
l_t,PyG,TU_DD,graph,False,,,gaddconv,2,8,1,skipconcat,True,prelu,0.3,add,sgd,0.01,119,0.6627,0.1604,141242.0,0.1883,0.0073,0.7545,0.0261,0.6793,0.0268,0.7578,0.0395,0.7163,0.0322,0.8224,0.031
l_t,PyG,TU_DD,graph,False,,,generalconv,1,6,1,skipsum,False,swish,0.6,max,sgd,0.001,59,4.6427,2.1467,147660.0,0.0873,0.0071,0.5607,0.0066,0.4496,0.0168,0.3269,0.0233,0.3783,0.0202,0.594,0.0137
l_t,PyG,TU_DD,graph,False,,,generalconv,1,6,2,skipconcat,False,relu,0.6,mean,sgd,0.001,99,0.5571,0.0183,140361.0,0.0517,0.008,0.7326,0.0161,0.718,0.009,0.5709,0.0562,0.6346,0.037,0.7891,0.0174
l_t,PyG,TU_DD,graph,False,,,generalconv,1,6,3,skipconcat,True,prelu,0.6,add,sgd,0.1,219,0.5611,0.2015,142258.0,0.1119,0.0148,0.7521,0.0879,0.7052,0.108,0.668,0.1264,0.6859,0.118,0.8061,0.1136
l_t,PyG,TU_DD,graph,False,,,generalconv,2,6,2,stack,True,relu,0.3,max,sgd,0.001,39,0.567,0.0112,144897.0,0.2082,0.0359,0.7269,0.0083,0.6738,0.0124,0.6453,0.0121,0.6592,0.0121,0.7821,0.0105
l_t,PyG,TU_DD,graph,False,,,generalconv,2,8,1,skipconcat,True,prelu,0.3,add,sgd,0.01,59,0.6633,0.2372,140282.0,0.1583,0.0256,0.7545,0.0425,0.6817,0.0468,0.7478,0.068,0.713,0.0555,0.8209,0.053
l_t,PyG,TU_DD,graph,False,,,gmulconv,1,6,2,skipconcat,False,relu,0.6,mean,sgd,0.001,179,0.5438,0.0031,140625.0,0.0904,0.0047,0.734,0.007,0.7152,0.0011,0.5822,0.0252,0.6416,0.0156,0.7996,0.0032
l_t,PyG,TU_DD,graph,False,,,gmulconv,1,6,3,skipconcat,True,prelu,0.6,add,sgd,0.1,159,0.6024,0.2209,142462.0,0.1273,0.0203,0.7372,0.0763,0.6847,0.098,0.6772,0.0788,0.6799,0.0849,0.802,0.0945
l_t,PyG,TU_DD,graph,False,,,gmulconv,2,6,2,stack,True,relu,0.3,max,sgd,0.001,0,0.9134,0.0661,145665.0,0.1876,0.0083,0.504,0.011,0.3441,0.0662,0.3198,0.2221,0.3123,0.1439,0.4645,0.0487
l_t,PyG,TU_ENZYMES,graph,False,,,gaddconv,1,8,3,skipsum,True,prelu,0.6,add,sgd,0.001,0,2.824,0.3157,135325.0,0.0532,0.005,0.1615,0.0227,,,,,,,,
l_t,PyG,TU_ENZYMES,graph,False,,,gaddconv,2,4,3,skipconcat,True,prelu,0.3,mean,adam,0.01,359,0.1298,0.0245,138187.0,0.0374,0.0078,0.9603,0.0123,,,,,,,,
l_t,PyG,TU_ENZYMES,graph,False,,,gaddconv,3,2,2,skipsum,False,swish,0.3,mean,sgd,0.1,79,9.7546,11.3041,134304.0,0.0231,0.0015,0.213,0.0399,,,,,,,,
l_t,PyG,TU_ENZYMES,graph,False,,,gaddconv,3,8,1,skipconcat,False,relu,0.3,mean,sgd,0.1,19,34.6527,31.5478,137240.0,0.048,0.0061,0.1942,0.0241,,,,,,,,
l_t,PyG,TU_ENZYMES,graph,False,,,generalconv,1,8,3,skipsum,True,prelu,0.6,add,sgd,0.001,99,2.6521,0.3749,135822.0,0.0315,0.0004,0.1747,0.0298,,,,,,,,
l_t,PyG,TU_ENZYMES,graph,False,,,generalconv,2,4,3,skipconcat,True,prelu,0.3,mean,adam,0.01,339,0.3579,0.1139,137811.0,0.0286,0.0052,0.8817,0.0303,,,,,,,,
l_t,PyG,TU_ENZYMES,graph,False,,,generalconv,3,2,2,skipsum,False,swish,0.3,mean,sgd,0.1,179,10.807,12.8104,135296.0,0.0178,0.0018,0.1969,0.0287,,,,,,,,
l_t,PyG,TU_ENZYMES,graph,False,,,generalconv,3,8,1,skipconcat,False,relu,0.3,mean,sgd,0.1,79,30.5784,20.78,136296.0,0.0226,0.0016,0.1956,0.0049,,,,,,,,
l_t,PyG,TU_ENZYMES,graph,False,,,gmulconv,1,8,3,skipsum,True,prelu,0.6,add,sgd,0.001,39,2.7698,0.5889,134413.0,0.0499,0.0056,0.1844,0.0138,,,,,,,,
l_t,PyG,TU_ENZYMES,graph,False,,,gmulconv,2,4,3,skipconcat,True,prelu,0.3,mean,adam,0.01,279,0.4225,0.0564,137999.0,0.0425,0.0043,0.8629,0.0287,,,,,,,,
l_t,PyG,TU_ENZYMES,graph,False,,,gmulconv,3,2,2,skipsum,False,swish,0.3,mean,sgd,0.1,159,1.7523,0.0026,135622.0,0.0368,0.005,0.2227,0.0052,,,,,,,,
l_t,PyG,TU_ENZYMES,graph,False,,,gmulconv,3,8,1,skipconcat,False,relu,0.3,mean,sgd,0.1,59,55.334,45.0339,136768.0,0.0404,0.0003,0.1844,0.0064,,,,,,,,
l_t,PyG,TU_IMDB,graph,False,,,gaddconv,1,2,2,skipsum,False,prelu,0.6,mean,adam,0.1,0,10.572,13.3859,133555.0,0.028,0.0024,0.3333,0.0123,,,,,,,,
l_t,PyG,TU_IMDB,graph,False,,,gaddconv,3,4,2,skipconcat,True,swish,0.0,max,adam,0.001,159,0.8966,0.0155,136083.0,0.0387,0.0008,0.5694,0.0109,,,,,,,,
l_t,PyG,TU_IMDB,graph,False,,,generalconv,1,2,2,skipsum,False,prelu,0.6,mean,adam,0.1,279,1.1046,0.005,133984.0,0.0202,0.0026,0.3375,0.01,,,,,,,,
l_t,PyG,TU_IMDB,graph,False,,,generalconv,3,4,2,skipconcat,True,swish,0.0,max,adam,0.001,99,1.0972,0.0046,135603.0,0.0332,0.0027,0.3745,0.0147,,,,,,,,
l_t,PyG,TU_IMDB,graph,False,,,gmulconv,1,2,2,skipsum,False,prelu,0.6,mean,adam,0.1,199,10.2186,12.8625,134404.0,0.0288,0.0085,0.3261,0.0154,,,,,,,,
l_t,PyG,TU_IMDB,graph,False,,,gmulconv,3,4,2,skipconcat,True,swish,0.0,max,adam,0.001,179,0.9218,0.0132,135843.0,0.0392,0.0018,0.548,0.0074,,,,,,,,
l_t,nx,scalefree,graph,True,node_clustering_coefficient,graph_path_len,gaddconv,1,2,1,skipconcat,True,relu,0.3,mean,sgd,0.001,299,0.409,0.0319,136004.0,0.043,0.0032,0.8415,0.0129,,,,,,,,
l_t,nx,scalefree,graph,True,node_clustering_coefficient,graph_path_len,gaddconv,3,4,2,skipsum,True,swish,0.6,mean,adam,0.01,19,0.5492,0.0359,134917.0,0.052,0.0015,0.7451,0.025,,,,,,,,
l_t,nx,scalefree,graph,True,node_clustering_coefficient,graph_path_len,generalconv,1,2,1,skipconcat,True,relu,0.3,mean,sgd,0.001,99,0.5446,0.0234,136453.0,0.0288,0.0033,0.7843,0.016,,,,,,,,
l_t,nx,scalefree,graph,True,node_clustering_coefficient,graph_path_len,generalconv,3,4,2,skipsum,True,swish,0.6,mean,adam,0.01,19,1.2892,0.8384,133829.0,0.05,0.0278,0.5556,0.2036,,,,,,,,
l_t,nx,scalefree,graph,True,node_clustering_coefficient,graph_path_len,gmulconv,1,2,1,skipconcat,True,relu,0.3,mean,sgd,0.001,239,0.4817,0.0318,136869.0,0.0372,0.0012,0.799,0.004,,,,,,,,
l_t,nx,scalefree,graph,True,node_clustering_coefficient,graph_path_len,gmulconv,3,4,2,skipsum,True,swish,0.6,mean,adam,0.01,139,0.543,0.0786,134373.0,0.0512,0.0028,0.7647,0.0523,,,,,,,,
l_t,nx,scalefree,graph,True,node_const,graph_path_len,gaddconv,1,6,2,skipsum,False,prelu,0.6,add,adam,0.1,79,39.9487,28.9427,134374.0,0.0747,0.0154,0.2467,0.0023,,,,,,,,
l_t,nx,scalefree,graph,True,node_const,graph_path_len,gaddconv,2,4,3,stack,False,swish,0.3,max,adam,0.1,0,112.744,34.2711,133829.0,0.066,0.0305,0.1961,0.004,,,,,,,,
l_t,nx,scalefree,graph,True,node_const,graph_path_len,gaddconv,3,4,3,stack,True,relu,0.0,add,adam,0.01,0,2.1132,0.0591,134371.0,0.0817,0.0319,0.2304,0.0327,,,,,,,,
l_t,nx,scalefree,graph,True,node_const,graph_path_len,generalconv,1,6,2,skipsum,False,prelu,0.6,add,adam,0.1,19,2.3704,0.8602,134677.0,0.0341,0.0041,0.1585,0.0129,,,,,,,,
l_t,nx,scalefree,graph,True,node_const,graph_path_len,generalconv,2,4,3,stack,False,swish,0.3,max,adam,0.1,0,81.2619,61.6943,134676.0,0.0492,0.0217,0.1961,0.0069,,,,,,,,
l_t,nx,scalefree,graph,True,node_const,graph_path_len,generalconv,3,4,3,stack,True,relu,0.0,add,adam,0.01,379,0.2094,0.0162,135429.0,0.0388,0.0049,0.9053,0.022,,,,,,,,
l_t,nx,scalefree,graph,True,node_const,graph_path_len,gmulconv,1,6,2,skipsum,False,prelu,0.6,add,adam,0.1,19,12.6375,15.1785,135499.0,0.0792,0.0354,0.2337,0.045,,,,,,,,
l_t,nx,scalefree,graph,True,node_const,graph_path_len,gmulconv,2,4,3,stack,False,swish,0.3,max,adam,0.1,0,110.5941,17.1351,135224.0,0.0608,0.0109,0.2206,0.004,,,,,,,,
l_t,nx,scalefree,graph,True,node_const,graph_path_len,gmulconv,3,4,3,stack,True,relu,0.0,add,adam,0.01,99,1.1609,0.0486,133863.0,0.0637,0.0062,0.4755,0.028,,,,,,,,
l_t,nx,scalefree,graph,True,node_onehot,graph_path_len,gaddconv,1,2,3,skipconcat,False,relu,0.6,mean,sgd,0.001,339,1.1931,0.2153,134147.0,0.0312,0.0032,0.4412,0.0841,,,,,,,,
l_t,nx,scalefree,graph,True,node_onehot,graph_path_len,gaddconv,1,6,2,skipconcat,False,relu,0.6,max,sgd,0.01,0,4.4989,2.6918,138693.0,0.0405,0.002,0.3677,0.185,,,,,,,,
l_t,nx,scalefree,graph,True,node_onehot,graph_path_len,gaddconv,1,6,3,stack,True,prelu,0.0,mean,adam,0.001,199,0.0399,0.0246,134880.0,0.0666,0.0046,0.9804,0.0144,,,,,,,,
l_t,nx,scalefree,graph,True,node_onehot,graph_path_len,gaddconv,2,6,2,skipsum,True,swish,0.0,max,adam,0.01,99,0.0638,0.0762,134879.0,0.0736,0.0038,0.9886,0.0162,,,,,,,,
l_t,nx,scalefree,graph,True,node_onehot,graph_path_len,gaddconv,3,8,1,skipsum,False,swish,0.6,add,adam,0.01,19,4.9017,4.3863,134867.0,0.0816,0.0051,0.2631,0.0696,,,,,,,,
l_t,nx,scalefree,graph,True,node_onehot,graph_path_len,generalconv,1,2,3,skipconcat,False,relu,0.6,mean,sgd,0.001,39,6.4311,6.8463,137205.0,0.0259,0.0009,0.2206,0.04,,,,,,,,
l_t,nx,scalefree,graph,True,node_onehot,graph_path_len,generalconv,1,6,2,skipconcat,False,relu,0.6,max,sgd,0.01,19,1.1716,0.0998,138165.0,0.026,0.0018,0.4314,0.0423,,,,,,,,
l_t,nx,scalefree,graph,True,node_onehot,graph_path_len,generalconv,1,6,3,stack,True,prelu,0.0,mean,adam,0.001,319,0.0038,0.0042,135430.0,0.0517,0.0105,1.0,0.0,,,,,,,,
l_t,nx,scalefree,graph,True,node_onehot,graph_path_len,generalconv,2,6,2,skipsum,True,swish,0.0,max,adam,0.01,359,0.0026,0.001,135429.0,0.0537,0.008,1.0,0.0,,,,,,,,
l_t,nx,scalefree,graph,True,node_onehot,graph_path_len,generalconv,3,8,1,skipsum,False,swish,0.6,add,adam,0.01,0,5.5528,5.6483,135360.0,0.0428,0.0058,0.2761,0.1019,,,,,,,,
l_t,nx,scalefree,graph,True,node_onehot,graph_path_len,gmulconv,1,2,3,skipconcat,False,relu,0.6,mean,sgd,0.001,199,1.3213,0.1773,137365.0,0.0338,0.0096,0.4085,0.0859,,,,,,,,
l_t,nx,scalefree,graph,True,node_onehot,graph_path_len,gmulconv,1,6,2,skipconcat,False,relu,0.6,max,sgd,0.01,39,1.535,0.0314,138429.0,0.0624,0.0067,0.2778,0.03,,,,,,,,
l_t,nx,scalefree,graph,True,node_onehot,graph_path_len,gmulconv,1,6,3,stack,True,prelu,0.0,mean,adam,0.001,219,0.1455,0.0848,134118.0,0.0823,0.0335,0.9281,0.03,,,,,,,,
l_t,nx,scalefree,graph,True,node_onehot,graph_path_len,gmulconv,2,6,2,skipsum,True,swish,0.0,max,adam,0.01,279,0.1579,0.0354,134117.0,0.062,0.0043,0.9592,0.0141,,,,,,,,
l_t,nx,scalefree,graph,True,node_onehot,graph_path_len,gmulconv,3,8,1,skipsum,False,swish,0.6,add,adam,0.01,0,10.8277,3.5628,133955.0,0.0785,0.0259,0.201,0.028,,,,,,,,
l_t,nx,scalefree,graph,True,node_pagerank,graph_path_len,gaddconv,1,2,3,skipsum,False,prelu,0.6,add,sgd,0.1,0,,,134106.0,0.0377,0.0043,0.1896,0.0101,,,,,,,,
l_t,nx,scalefree,graph,True,node_pagerank,graph_path_len,gaddconv,2,2,3,skipconcat,True,prelu,0.6,add,sgd,0.01,99,1.1376,0.0446,134294.0,0.0394,0.0039,0.5425,0.0336,,,,,,,,
l_t,nx,scalefree,graph,True,node_pagerank,graph_path_len,gaddconv,2,4,1,skipconcat,True,relu,0.0,add,adam,0.1,59,0.2989,0.0874,136800.0,0.0506,0.0079,0.8677,0.0472,,,,,,,,
l_t,nx,scalefree,graph,True,node_pagerank,graph_path_len,gaddconv,2,6,3,skipconcat,False,swish,0.6,max,adam,0.001,19,4.3339,3.7801,141445.0,0.0476,0.0016,0.2598,0.0698,,,,,,,,
l_t,nx,scalefree,graph,True,node_pagerank,graph_path_len,gaddconv,3,6,2,skipconcat,False,relu,0.0,add,sgd,0.01,0,9.1508,5.9691,136315.0,0.0407,0.0037,0.1896,0.0336,,,,,,,,
l_t,nx,scalefree,graph,True,node_pagerank,graph_path_len,gaddconv,3,8,3,stack,False,relu,0.0,add,adam,0.001,179,0.6688,0.0608,134477.0,0.0596,0.0045,0.7206,0.0208,,,,,,,,
l_t,nx,scalefree,graph,True,node_pagerank,graph_path_len,generalconv,1,2,3,skipsum,False,prelu,0.6,add,sgd,0.1,0,,,134851.0,0.0281,0.0042,0.1896,0.0101,,,,,,,,
l_t,nx,scalefree,graph,True,node_pagerank,graph_path_len,generalconv,2,2,3,skipconcat,True,prelu,0.6,add,sgd,0.01,19,1.6733,0.8784,137442.0,0.0375,0.0035,0.4281,0.1621,,,,,,,,
l_t,nx,scalefree,graph,True,node_pagerank,graph_path_len,generalconv,2,4,1,skipconcat,True,relu,0.0,add,adam,0.1,99,0.4124,0.1698,135928.0,0.0367,0.0032,0.8317,0.03,,,,,,,,
l_t,nx,scalefree,graph,True,node_pagerank,graph_path_len,generalconv,2,6,3,skipconcat,False,swish,0.6,max,adam,0.001,39,1.4506,0.0592,141037.0,0.0279,0.0039,0.317,0.0122,,,,,,,,
l_t,nx,scalefree,graph,True,node_pagerank,graph_path_len,generalconv,3,6,2,skipconcat,False,relu,0.0,add,sgd,0.01,0,11.606,1.5216,135799.0,0.0394,0.0216,0.2026,0.022,,,,,,,,
l_t,nx,scalefree,graph,True,node_pagerank,graph_path_len,generalconv,3,8,3,stack,False,relu,0.0,add,adam,0.001,279,0.4209,0.0413,135350.0,0.0287,0.0029,0.8121,0.0241,,,,,,,,
l_t,nx,scalefree,graph,True,node_pagerank,graph_path_len,gmulconv,1,2,3,skipsum,False,prelu,0.6,add,sgd,0.1,0,,,135213.0,0.0489,0.0092,0.1896,0.0101,,,,,,,,
l_t,nx,scalefree,graph,True,node_pagerank,graph_path_len,gmulconv,2,2,3,skipconcat,True,prelu,0.6,add,sgd,0.01,19,1.9651,0.7442,134140.0,0.0556,0.0161,0.3284,0.114,,,,,,,,
l_t,nx,scalefree,graph,True,node_pagerank,graph_path_len,gmulconv,2,4,1,skipconcat,True,relu,0.0,add,adam,0.1,99,0.3809,0.0655,136364.0,0.0552,0.0036,0.8268,0.0241,,,,,,,,
l_t,nx,scalefree,graph,True,node_pagerank,graph_path_len,gmulconv,2,6,3,skipconcat,False,swish,0.6,max,adam,0.001,0,6.6547,3.475,141241.0,0.0641,0.0321,0.2173,0.0167,,,,,,,,
l_t,nx,scalefree,graph,True,node_pagerank,graph_path_len,gmulconv,3,6,2,skipconcat,False,relu,0.0,add,sgd,0.01,0,15.1396,3.6125,136057.0,0.0515,0.0174,0.2092,0.0151,,,,,,,,
l_t,nx,scalefree,graph,True,node_pagerank,graph_path_len,gmulconv,3,8,3,stack,False,relu,0.0,add,adam,0.001,119,0.6979,0.0766,133645.0,0.0545,0.0036,0.6961,0.0262,,,,,,,,
l_t,nx,scalefree,node,True,node_clustering_coefficient,node_pagerank,gaddconv,1,4,1,stack,False,swish,0.0,mean,adam,0.001,179,0.8083,0.0144,134825.0,0.0555,0.0088,0.7312,0.0096,,,,,,,,
l_t,nx,scalefree,node,True,node_clustering_coefficient,node_pagerank,gaddconv,2,4,2,skipconcat,True,relu,0.3,max,sgd,0.01,339,0.6228,0.007,137987.0,0.0554,0.0037,0.732,0.0047,,,,,,,,
l_t,nx,scalefree,node,True,node_clustering_coefficient,node_pagerank,gaddconv,2,4,3,skipconcat,True,relu,0.0,max,adam,0.001,139,0.0697,0.0035,138326.0,0.0826,0.0424,0.9834,0.001,,,,,,,,
l_t,nx,scalefree,node,True,node_clustering_coefficient,node_pagerank,generalconv,1,4,1,stack,False,swish,0.0,mean,adam,0.001,159,1.487,0.0012,134850.0,0.0389,0.0029,0.3187,0.0011,,,,,,,,
l_t,nx,scalefree,node,True,node_clustering_coefficient,node_pagerank,generalconv,2,4,2,skipconcat,True,relu,0.3,max,sgd,0.01,99,0.8572,0.0394,137499.0,0.0402,0.0006,0.6178,0.0187,,,,,,,,
l_t,nx,scalefree,node,True,node_clustering_coefficient,node_pagerank,generalconv,2,4,3,skipconcat,True,relu,0.0,max,adam,0.001,139,0.1011,0.0085,137950.0,0.0372,0.0014,0.9833,0.0038,,,,,,,,
l_t,nx,scalefree,node,True,node_clustering_coefficient,node_pagerank,gmulconv,1,4,1,stack,False,swish,0.0,mean,adam,0.001,179,0.8841,0.0334,134105.0,0.0515,0.0063,0.6942,0.0052,,,,,,,,
l_t,nx,scalefree,node,True,node_clustering_coefficient,node_pagerank,gmulconv,2,4,2,skipconcat,True,relu,0.3,max,sgd,0.01,379,0.9332,0.033,137743.0,0.0499,0.0002,0.59,0.0127,,,,,,,,
l_t,nx,scalefree,node,True,node_clustering_coefficient,node_pagerank,gmulconv,2,4,3,skipconcat,True,relu,0.0,max,adam,0.001,199,0.1775,0.0142,138138.0,0.072,0.0012,0.9421,0.0065,,,,,,,,
l_t,nx,scalefree,node,True,node_const,node_clustering_coefficient,gaddconv,1,2,2,skipsum,False,relu,0.0,mean,sgd,0.001,139,1.5437,0.0097,134789.0,0.0391,0.0013,0.358,0.0203,,,,,,,,
l_t,nx,scalefree,node,True,node_const,node_clustering_coefficient,gaddconv,1,4,2,stack,False,swish,0.0,mean,adam,0.1,179,1.0836,0.0152,134440.0,0.0503,0.0087,0.4945,0.004,,,,,,,,
l_t,nx,scalefree,node,True,node_const,node_clustering_coefficient,gaddconv,3,2,2,skipsum,False,swish,0.0,add,adam,0.1,59,1.5871,0.0036,133796.0,0.0382,0.002,0.2438,0.0023,,,,,,,,
l_t,nx,scalefree,node,True,node_const,node_clustering_coefficient,gaddconv,3,8,1,stack,False,swish,0.3,mean,sgd,0.1,19,1.5775,0.0023,134867.0,0.0791,0.0188,0.2672,0.0028,,,,,,,,
l_t,nx,scalefree,node,True,node_const,node_clustering_coefficient,generalconv,1,2,2,skipsum,False,relu,0.0,mean,sgd,0.001,39,1.592,0.008,133957.0,0.0469,0.0276,0.269,0.0005,,,,,,,,
l_t,nx,scalefree,node,True,node_const,node_clustering_coefficient,generalconv,1,4,2,stack,False,swish,0.0,mean,adam,0.1,39,1.593,0.0205,134789.0,0.0329,0.0052,0.2236,0.0647,,,,,,,,
l_t,nx,scalefree,node,True,node_const,node_clustering_coefficient,generalconv,3,2,2,skipsum,False,swish,0.0,add,adam,0.1,399,1.3727,0.1313,134789.0,0.03,0.0021,0.3949,0.0876,,,,,,,,
l_t,nx,scalefree,node,True,node_const,node_clustering_coefficient,generalconv,3,8,1,stack,False,swish,0.3,mean,sgd,0.1,19,1.5785,0.0005,135360.0,0.0312,0.0009,0.2668,0.0027,,,,,,,,
l_t,nx,scalefree,node,True,node_const,node_clustering_coefficient,gmulconv,1,2,2,skipsum,False,relu,0.0,mean,sgd,0.001,19,1.5607,0.0174,134373.0,0.0429,0.0017,0.3672,0.0117,,,,,,,,
l_t,nx,scalefree,node,True,node_const,node_clustering_coefficient,gmulconv,1,4,2,stack,False,swish,0.0,mean,adam,0.1,139,1.1217,0.0184,133796.0,0.0495,0.0039,0.4695,0.0146,,,,,,,,
l_t,nx,scalefree,node,True,node_const,node_clustering_coefficient,gmulconv,3,2,2,skipsum,False,swish,0.0,add,adam,0.1,39,1.5937,0.0027,135113.0,0.0392,0.0028,0.2519,0.024,,,,,,,,
l_t,nx,scalefree,node,True,node_const,node_clustering_coefficient,gmulconv,3,8,1,stack,False,swish,0.3,mean,sgd,0.1,19,1.5891,0.0122,133955.0,0.0709,0.0178,0.2643,0.0032,,,,,,,,
l_t,nx,scalefree,node,True,node_const,node_pagerank,gaddconv,2,2,1,skipsum,True,swish,0.0,mean,sgd,0.1,359,1.4802,0.0344,134348.0,0.0489,0.0012,0.4516,0.025,,,,,,,,
l_t,nx,scalefree,node,True,node_const,node_pagerank,gaddconv,2,8,3,skipconcat,True,swish,0.0,mean,adam,0.001,399,0.06,0.0019,137857.0,0.0675,0.0052,0.9801,0.0006,,,,,,,,
l_t,nx,scalefree,node,True,node_const,node_pagerank,gaddconv,3,4,1,stack,False,prelu,0.3,add,sgd,0.01,139,1.6043,0.0195,134217.0,0.0739,0.0283,0.2293,0.0425,,,,,,,,
l_t,nx,scalefree,node,True,node_const,node_pagerank,generalconv,2,2,1,skipsum,True,swish,0.0,mean,sgd,0.1,0,1.6923,0.0595,134789.0,0.0642,0.0176,0.1989,0.0047,,,,,,,,
l_t,nx,scalefree,node,True,node_const,node_pagerank,generalconv,2,8,3,skipconcat,True,swish,0.0,mean,adam,0.001,139,1.7301,0.2227,137441.0,0.0689,0.0155,0.2574,0.0389,,,,,,,,
l_t,nx,scalefree,node,True,node_const,node_pagerank,generalconv,3,4,1,stack,False,prelu,0.3,add,sgd,0.01,0,1.612,0.0121,134834.0,0.0301,0.0021,0.2135,0.0232,,,,,,,,
l_t,nx,scalefree,node,True,node_const,node_pagerank,gmulconv,2,2,1,skipsum,True,swish,0.0,mean,sgd,0.1,379,1.5306,0.0154,135205.0,0.053,0.0072,0.4183,0.0058,,,,,,,,
l_t,nx,scalefree,node,True,node_const,node_pagerank,gmulconv,2,8,3,skipconcat,True,swish,0.0,mean,adam,0.001,399,0.0858,0.0061,137649.0,0.0794,0.0069,0.9688,0.0033,,,,,,,,
l_t,nx,scalefree,node,True,node_const,node_pagerank,gmulconv,3,4,1,stack,False,prelu,0.3,add,sgd,0.01,19,1.612,0.003,135426.0,0.068,0.0148,0.2076,0.0061,,,,,,,,
l_t,nx,scalefree,node,True,node_onehot,node_clustering_coefficient,gaddconv,1,2,3,skipsum,False,prelu,0.0,max,sgd,0.001,319,1.4845,0.0039,134106.0,0.0392,0.0015,0.3705,0.0045,,,,,,,,
l_t,nx,scalefree,node,True,node_onehot,node_clustering_coefficient,gaddconv,1,4,1,skipsum,True,prelu,0.0,add,adam,0.1,159,0.6047,0.0424,134256.0,0.0737,0.0101,0.7959,0.0241,,,,,,,,
l_t,nx,scalefree,node,True,node_onehot,node_clustering_coefficient,gaddconv,3,6,1,skipconcat,False,prelu,0.0,max,sgd,0.01,159,1.4577,0.0231,137946.0,0.0647,0.0084,0.3744,0.0004,,,,,,,,
l_t,nx,scalefree,node,True,node_onehot,node_clustering_coefficient,generalconv,1,2,3,skipsum,False,prelu,0.0,max,sgd,0.001,359,1.5683,0.0114,134851.0,0.0308,0.004,0.2783,0.012,,,,,,,,
l_t,nx,scalefree,node,True,node_onehot,node_clustering_coefficient,generalconv,1,4,1,skipsum,True,prelu,0.0,add,adam,0.1,199,0.7873,0.0313,134286.0,0.0418,0.002,0.6427,0.0149,,,,,,,,
l_t,nx,scalefree,node,True,node_onehot,node_clustering_coefficient,generalconv,3,6,1,skipconcat,False,prelu,0.0,max,sgd,0.01,319,1.4986,0.0126,137034.0,0.0416,0.0007,0.3647,0.0098,,,,,,,,
l_t,nx,scalefree,node,True,node_onehot,node_clustering_coefficient,gmulconv,1,2,3,skipsum,False,prelu,0.0,max,sgd,0.001,339,1.4957,0.0203,135213.0,0.0347,0.0005,0.367,0.0047,,,,,,,,
l_t,nx,scalefree,node,True,node_onehot,node_clustering_coefficient,gmulconv,1,4,1,skipsum,True,prelu,0.0,add,adam,0.1,199,0.6578,0.0226,135006.0,0.0644,0.0032,0.775,0.0111,,,,,,,,
l_t,nx,scalefree,node,True,node_onehot,node_clustering_coefficient,gmulconv,3,6,1,skipconcat,False,prelu,0.0,max,sgd,0.01,359,1.4327,0.0016,137490.0,0.0616,0.007,0.3808,0.0077,,,,,,,,
l_t,nx,scalefree,node,True,node_onehot,node_pagerank,gaddconv,1,4,2,skipconcat,False,prelu,0.6,max,adam,0.1,59,1.545,0.0841,137894.0,0.0482,0.0017,0.2662,0.0726,,,,,,,,
l_t,nx,scalefree,node,True,node_onehot,node_pagerank,gaddconv,1,4,3,skipconcat,False,relu,0.6,mean,adam,0.001,39,1.0555,0.0163,135318.0,0.0504,0.0193,0.5245,0.0083,,,,,,,,
l_t,nx,scalefree,node,True,node_onehot,node_pagerank,gaddconv,1,4,3,stack,True,relu,0.6,max,adam,0.01,319,0.4913,0.0219,135245.0,0.0698,0.0038,0.8099,0.011,,,,,,,,
l_t,nx,scalefree,node,True,node_onehot,node_pagerank,gaddconv,2,6,1,skipsum,True,relu,0.3,mean,adam,0.01,259,0.1266,0.0119,135461.0,0.0994,0.0158,0.9595,0.0041,,,,,,,,
l_t,nx,scalefree,node,True,node_onehot,node_pagerank,generalconv,1,4,2,skipconcat,False,prelu,0.6,max,adam,0.1,99,1.2414,0.359,137398.0,0.0557,0.0089,0.4194,0.1918,,,,,,,,
l_t,nx,scalefree,node,True,node_onehot,node_pagerank,generalconv,1,4,3,skipconcat,False,relu,0.6,mean,adam,0.001,79,1.1871,0.0164,134942.0,0.0325,0.0039,0.4745,0.0068,,,,,,,,
l_t,nx,scalefree,node,True,node_onehot,node_pagerank,generalconv,1,4,3,stack,True,relu,0.6,max,adam,0.01,259,0.8208,0.0061,134069.0,0.0445,0.0009,0.6486,0.0049,,,,,,,,
l_t,nx,scalefree,node,True,node_onehot,node_pagerank,generalconv,2,6,1,skipsum,True,relu,0.3,mean,adam,0.01,179,0.8546,0.0559,133829.0,0.0553,0.0084,0.6446,0.029,,,,,,,,
l_t,nx,scalefree,node,True,node_onehot,node_pagerank,gmulconv,1,4,2,skipconcat,False,prelu,0.6,max,adam,0.1,0,2.8283,0.2994,137646.0,0.0645,0.0176,0.1949,0.0029,,,,,,,,
l_t,nx,scalefree,node,True,node_onehot,node_pagerank,gmulconv,1,4,3,skipconcat,False,relu,0.6,mean,adam,0.001,59,0.9406,0.0059,135130.0,0.0544,0.0032,0.5842,0.0046,,,,,,,,
l_t,nx,scalefree,node,True,node_onehot,node_pagerank,gmulconv,1,4,3,stack,True,relu,0.6,max,adam,0.01,399,1.0564,0.1735,134657.0,0.0704,0.0035,0.5394,0.0878,,,,,,,,
l_t,nx,scalefree,node,True,node_onehot,node_pagerank,gmulconv,2,6,1,skipsum,True,relu,0.3,mean,adam,0.01,399,0.1265,0.0086,134645.0,0.0786,0.0059,0.9586,0.0026,,,,,,,,
l_t,nx,smallworld,graph,True,node_clustering_coefficient,graph_path_len,gaddconv,1,6,3,skipsum,False,swish,0.6,mean,sgd,0.01,99,6.7661,7.5909,133736.0,0.0981,0.021,0.3154,0.0968,,,,,,,,
l_t,nx,smallworld,graph,True,node_clustering_coefficient,graph_path_len,gaddconv,1,8,1,skipsum,False,swish,0.3,max,sgd,0.1,0,13.8476,13.0543,134244.0,0.0717,0.0064,0.2108,0.0208,,,,,,,,
l_t,nx,smallworld,graph,True,node_clustering_coefficient,graph_path_len,generalconv,1,6,3,skipsum,False,swish,0.6,mean,sgd,0.01,0,18.1964,1.1299,134277.0,0.0662,0.0273,0.1847,0.03,,,,,,,,
l_t,nx,smallworld,graph,True,node_clustering_coefficient,graph_path_len,generalconv,1,8,1,skipsum,False,swish,0.3,max,sgd,0.1,39,186.9392,140.9582,134277.0,0.0413,0.002,0.1601,0.0301,,,,,,,,
l_t,nx,smallworld,graph,True,node_clustering_coefficient,graph_path_len,gmulconv,1,6,3,skipsum,False,swish,0.6,mean,sgd,0.01,19,6.8307,7.6501,135045.0,0.0609,0.0226,0.3105,0.0661,,,,,,,,
l_t,nx,smallworld,graph,True,node_clustering_coefficient,graph_path_len,gmulconv,1,8,1,skipsum,False,swish,0.3,max,sgd,0.1,0,,,135301.0,0.0554,0.0051,0.17,0.0083,,,,,,,,
l_t,nx,smallworld,graph,True,node_const,graph_path_len,gaddconv,2,2,1,skipconcat,False,relu,0.0,max,sgd,0.1,0,,,135725.0,0.0368,0.0012,0.1961,0.0262,,,,,,,,
l_t,nx,smallworld,graph,True,node_const,graph_path_len,gaddconv,2,4,2,skipsum,False,relu,0.6,add,sgd,0.1,0,17.3349,2.4376,134216.0,0.0653,0.0148,0.1945,0.0363,,,,,,,,
l_t,nx,smallworld,graph,True,node_const,graph_path_len,generalconv,2,2,1,skipconcat,False,relu,0.0,max,sgd,0.1,59,364.7281,85.6373,136479.0,0.0239,0.0007,0.2043,0.0266,,,,,,,,
l_t,nx,smallworld,graph,True,node_const,graph_path_len,generalconv,2,4,2,skipsum,False,relu,0.6,add,sgd,0.1,0,10.8394,6.5434,134833.0,0.0271,0.0029,0.2304,0.012,,,,,,,,
l_t,nx,smallworld,graph,True,node_const,graph_path_len,gmulconv,2,2,1,skipconcat,False,relu,0.0,max,sgd,0.1,0,,,135365.0,0.0429,0.0073,0.2043,0.0361,,,,,,,,
l_t,nx,smallworld,graph,True,node_const,graph_path_len,gmulconv,2,4,2,skipsum,False,relu,0.6,add,sgd,0.1,0,16.0147,1.2079,135425.0,0.0618,0.0244,0.2026,0.0227,,,,,,,,
l_t,nx,smallworld,graph,True,node_onehot,graph_path_len,gaddconv,2,2,2,stack,True,prelu,0.6,add,sgd,0.01,0,1.9618,0.793,135006.0,0.0474,0.0009,0.3464,0.1343,,,,,,,,
l_t,nx,smallworld,graph,True,node_onehot,graph_path_len,gaddconv,3,6,1,skipsum,True,prelu,0.0,mean,sgd,0.1,139,8.8543,4.6618,134880.0,0.0761,0.0025,0.5,0.044,,,,,,,,
l_t,nx,smallworld,graph,True,node_onehot,graph_path_len,generalconv,2,2,2,stack,True,prelu,0.6,add,sgd,0.01,39,1.6936,0.8396,134286.0,0.0303,0.0037,0.4118,0.1475,,,,,,,,
l_t,nx,smallworld,graph,True,node_onehot,graph_path_len,generalconv,3,6,1,skipsum,True,prelu,0.0,mean,sgd,0.1,99,24.0019,29.3634,135430.0,0.0391,0.0009,0.3971,0.1461,,,,,,,,
l_t,nx,smallworld,graph,True,node_onehot,graph_path_len,gmulconv,2,2,2,stack,True,prelu,0.6,add,sgd,0.01,0,2.2522,0.7953,134646.0,0.0435,0.0035,0.3317,0.1267,,,,,,,,
l_t,nx,smallworld,graph,True,node_onehot,graph_path_len,gmulconv,3,6,1,skipsum,True,prelu,0.0,mean,sgd,0.1,0,,,134118.0,0.0644,0.0023,0.3039,0.1317,,,,,,,,
l_t,nx,smallworld,graph,True,node_pagerank,graph_path_len,gaddconv,1,2,3,stack,False,relu,0.6,max,adam,0.1,0,231.0903,76.1771,134105.0,0.0612,0.0177,0.2026,0.0122,,,,,,,,
l_t,nx,smallworld,graph,True,node_pagerank,graph_path_len,gaddconv,2,2,1,stack,True,relu,0.3,mean,adam,0.001,259,0.3157,0.0253,134348.0,0.0407,0.0008,0.8643,0.0023,,,,,,,,
l_t,nx,smallworld,graph,True,node_pagerank,graph_path_len,generalconv,1,2,3,stack,False,relu,0.6,max,adam,0.1,0,224.8672,40.2959,134850.0,0.0412,0.0203,0.1781,0.0201,,,,,,,,
l_t,nx,smallworld,graph,True,node_pagerank,graph_path_len,generalconv,2,2,1,stack,True,relu,0.3,mean,adam,0.001,259,2.8076,3.4645,134789.0,0.0418,0.0011,0.6225,0.3195,,,,,,,,
l_t,nx,smallworld,graph,True,node_pagerank,graph_path_len,gmulconv,1,2,3,stack,False,relu,0.6,max,adam,0.1,0,156.8294,52.2706,135212.0,0.0498,0.0166,0.2092,0.0023,,,,,,,,
l_t,nx,smallworld,graph,True,node_pagerank,graph_path_len,gmulconv,2,2,1,stack,True,relu,0.3,mean,adam,0.001,339,0.4083,0.0521,135205.0,0.0431,0.002,0.8202,0.018,,,,,,,,
l_t,nx,smallworld,node,True,node_clustering_coefficient,node_pagerank,gaddconv,1,4,3,stack,True,prelu,0.6,add,sgd,0.1,79,1.5264,0.0034,135246.0,0.0705,0.0018,0.2993,0.0017,,,,,,,,
l_t,nx,smallworld,node,True,node_clustering_coefficient,node_pagerank,gaddconv,1,6,1,skipsum,False,prelu,0.6,max,sgd,0.001,99,1.6201,0.0046,134805.0,0.0833,0.0023,0.1933,0.0027,,,,,,,,
l_t,nx,smallworld,node,True,node_clustering_coefficient,node_pagerank,gaddconv,1,6,1,stack,True,relu,0.6,add,sgd,0.1,79,1.5169,0.0046,134033.0,0.0982,0.0123,0.3059,0.0036,,,,,,,,
l_t,nx,smallworld,node,True,node_clustering_coefficient,node_pagerank,gaddconv,3,2,1,skipconcat,True,prelu,0.6,mean,adam,0.01,359,0.8019,0.0229,136051.0,0.0507,0.0015,0.6643,0.0179,,,,,,,,
l_t,nx,smallworld,node,True,node_clustering_coefficient,node_pagerank,gaddconv,3,6,2,skipconcat,False,relu,0.3,max,sgd,0.01,339,1.5279,0.0503,136315.0,0.0913,0.0126,0.3112,0.0479,,,,,,,,
l_t,nx,smallworld,node,True,node_clustering_coefficient,node_pagerank,gaddconv,3,8,2,skipsum,True,relu,0.0,mean,adam,0.01,99,0.1845,0.0022,134357.0,0.0973,0.0052,0.9371,0.0006,,,,,,,,
l_t,nx,smallworld,node,True,node_clustering_coefficient,node_pagerank,generalconv,1,4,3,stack,True,prelu,0.6,add,sgd,0.1,99,1.287,0.0031,134070.0,0.0454,0.0016,0.4488,0.0031,,,,,,,,
l_t,nx,smallworld,node,True,node_clustering_coefficient,node_pagerank,generalconv,1,6,1,skipsum,False,prelu,0.6,max,sgd,0.001,0,1.6184,0.001,134834.0,0.0617,0.0031,0.1975,0.0042,,,,,,,,
l_t,nx,smallworld,node,True,node_clustering_coefficient,node_pagerank,generalconv,1,6,1,stack,True,relu,0.6,add,sgd,0.1,199,1.199,0.0022,134069.0,0.0489,0.0044,0.5074,0.0016,,,,,,,,
l_t,nx,smallworld,node,True,node_clustering_coefficient,node_pagerank,generalconv,3,2,1,skipconcat,True,prelu,0.6,mean,adam,0.01,399,1.3487,0.0032,135407.0,0.0409,0.0022,0.4306,0.0012,,,,,,,,
l_t,nx,smallworld,node,True,node_clustering_coefficient,node_pagerank,generalconv,3,6,2,skipconcat,False,relu,0.3,max,sgd,0.01,399,1.5717,0.0133,135799.0,0.0325,0.0028,0.2872,0.012,,,,,,,,
l_t,nx,smallworld,node,True,node_clustering_coefficient,node_pagerank,generalconv,3,8,2,skipsum,True,relu,0.0,mean,adam,0.01,99,1.1696,0.0139,135056.0,0.0603,0.0002,0.5127,0.0081,,,,,,,,
l_t,nx,smallworld,node,True,node_clustering_coefficient,node_pagerank,gmulconv,1,4,3,stack,True,prelu,0.6,add,sgd,0.1,19,5.0145,1.6884,134658.0,0.0892,0.034,0.2081,0.0119,,,,,,,,
l_t,nx,smallworld,node,True,node_clustering_coefficient,node_pagerank,gmulconv,1,6,1,skipsum,False,prelu,0.6,max,sgd,0.001,59,1.6175,0.0002,133923.0,0.0846,0.0015,0.2031,0.0016,,,,,,,,
l_t,nx,smallworld,node,True,node_clustering_coefficient,node_pagerank,gmulconv,1,6,1,stack,True,relu,0.6,add,sgd,0.1,139,1.5701,0.037,134951.0,0.074,0.0008,0.2583,0.043,,,,,,,,
l_t,nx,smallworld,node,True,node_clustering_coefficient,node_pagerank,gmulconv,3,2,1,skipconcat,True,prelu,0.6,mean,adam,0.01,379,0.7656,0.0153,135729.0,0.0541,0.002,0.6786,0.0108,,,,,,,,
l_t,nx,smallworld,node,True,node_clustering_coefficient,node_pagerank,gmulconv,3,6,2,skipconcat,False,relu,0.3,max,sgd,0.01,379,1.5574,0.0391,136057.0,0.0611,0.0095,0.2685,0.0497,,,,,,,,
l_t,nx,smallworld,node,True,node_clustering_coefficient,node_pagerank,gmulconv,3,8,2,skipsum,True,relu,0.0,mean,adam,0.01,99,0.4301,0.0106,135928.0,0.1098,0.0016,0.8309,0.0052,,,,,,,,
l_t,nx,smallworld,node,True,node_const,node_clustering_coefficient,gaddconv,3,2,3,skipsum,False,prelu,0.6,mean,adam,0.1,0,2.3951,1.111,135426.0,0.0416,0.0045,0.2175,0.0125,,,,,,,,
l_t,nx,smallworld,node,True,node_const,node_clustering_coefficient,gaddconv,3,4,3,skipconcat,False,swish,0.0,max,adam,0.001,379,1.1651,0.0044,139830.0,0.0487,0.0016,0.4884,0.002,,,,,,,,
l_t,nx,smallworld,node,True,node_const,node_clustering_coefficient,gaddconv,3,8,2,skipconcat,True,prelu,0.0,add,sgd,0.001,0,,,141378.0,0.1127,0.031,0.2094,0.0133,,,,,,,,
l_t,nx,smallworld,node,True,node_const,node_clustering_coefficient,gaddconv,3,8,2,skipconcat,True,prelu,0.6,add,sgd,0.01,59,1.7939,0.2397,141378.0,0.0912,0.0145,0.2204,0.0124,,,,,,,,
l_t,nx,smallworld,node,True,node_const,node_clustering_coefficient,generalconv,3,2,3,skipsum,False,prelu,0.6,mean,adam,0.1,19,1.6123,0.009,134834.0,0.0309,0.0029,0.2314,0.0009,,,,,,,,
l_t,nx,smallworld,node,True,node_const,node_clustering_coefficient,generalconv,3,4,3,skipconcat,False,swish,0.0,max,adam,0.001,0,1.6123,0.0018,139454.0,0.0508,0.0134,0.2216,0.0087,,,,,,,,
l_t,nx,smallworld,node,True,node_const,node_clustering_coefficient,generalconv,3,8,2,skipconcat,True,prelu,0.0,add,sgd,0.001,0,1.7126,0.1846,140834.0,0.0554,0.0025,0.2589,0.0286,,,,,,,,
l_t,nx,smallworld,node,True,node_const,node_clustering_coefficient,generalconv,3,8,2,skipconcat,True,prelu,0.6,add,sgd,0.01,79,1.5832,0.0096,140834.0,0.0473,0.0025,0.2652,0.0082,,,,,,,,
l_t,nx,smallworld,node,True,node_const,node_clustering_coefficient,gmulconv,3,2,3,skipsum,False,prelu,0.6,mean,adam,0.1,39,3.2868,1.6652,135130.0,0.0699,0.0352,0.2119,0.0137,,,,,,,,
l_t,nx,smallworld,node,True,node_const,node_clustering_coefficient,gmulconv,3,4,3,skipconcat,False,swish,0.0,max,adam,0.001,359,1.2027,0.0004,139642.0,0.0471,0.0042,0.4774,0.002,,,,,,,,
l_t,nx,smallworld,node,True,node_const,node_clustering_coefficient,gmulconv,3,8,2,skipconcat,True,prelu,0.0,add,sgd,0.001,0,,,141106.0,0.1122,0.0128,0.1869,0.0186,,,,,,,,
l_t,nx,smallworld,node,True,node_const,node_clustering_coefficient,gmulconv,3,8,2,skipconcat,True,prelu,0.6,add,sgd,0.01,19,2.1506,0.0172,141106.0,0.0915,0.0111,0.2043,0.0031,,,,,,,,
l_t,nx,smallworld,node,True,node_onehot,node_clustering_coefficient,gaddconv,3,2,3,skipconcat,True,swish,0.0,mean,adam,0.1,379,1.1977,0.0075,136805.0,0.0495,0.0006,0.4797,0.0016,,,,,,,,
l_t,nx,smallworld,node,True,node_onehot,node_clustering_coefficient,generalconv,3,2,3,skipconcat,True,swish,0.0,mean,adam,0.1,359,0.4839,0.1333,136501.0,0.0431,0.0021,0.8149,0.0617,,,,,,,,
l_t,nx,smallworld,node,True,node_onehot,node_clustering_coefficient,gmulconv,3,2,3,skipconcat,True,swish,0.0,mean,adam,0.1,379,1.274,0.0086,136653.0,0.054,0.0048,0.4449,0.0043,,,,,,,,
l_t,nx,smallworld,node,True,node_onehot,node_pagerank,gaddconv,2,6,1,skipsum,False,swish,0.0,max,adam,0.1,179,1.6116,0.0017,134373.0,0.0654,0.0056,0.2066,0.0048,,,,,,,,
l_t,nx,smallworld,node,True,node_onehot,node_pagerank,gaddconv,3,8,1,skipconcat,False,relu,0.0,add,adam,0.001,99,1.5871,0.0086,137180.0,0.0653,0.0021,0.266,0.0113,,,,,,,,
l_t,nx,smallworld,node,True,node_onehot,node_pagerank,generalconv,2,6,1,skipsum,False,swish,0.0,max,adam,0.1,99,1.5263,0.1216,134676.0,0.0412,0.0057,0.2758,0.1076,,,,,,,,
l_t,nx,smallworld,node,True,node_onehot,node_pagerank,generalconv,3,8,1,skipconcat,False,relu,0.0,add,adam,0.001,99,1.5745,0.0045,136236.0,0.0366,0.0008,0.2663,0.0088,,,,,,,,
l_t,nx,smallworld,node,True,node_onehot,node_pagerank,gmulconv,2,6,1,skipsum,False,swish,0.0,max,adam,0.1,19,1.6148,0.0041,135498.0,0.0615,0.0013,0.2031,0.0059,,,,,,,,
l_t,nx,smallworld,node,True,node_onehot,node_pagerank,gmulconv,3,8,1,skipconcat,False,relu,0.0,add,adam,0.001,99,1.5952,0.0093,136708.0,0.0781,0.0116,0.2493,0.0173,,,,,,,,
l_t,nx,smallworld,node,True,node_pagerank,node_clustering_coefficient,gaddconv,1,8,2,skipsum,False,swish,0.6,add,adam,0.1,0,1.7097,0.1329,134645.0,0.0852,0.0007,0.2185,0.0058,,,,,,,,
l_t,nx,smallworld,node,True,node_pagerank,node_clustering_coefficient,gaddconv,2,2,2,skipconcat,False,relu,0.0,mean,adam,0.001,79,1.2074,0.0062,136355.0,0.0331,0.0008,0.4654,0.0034,,,,,,,,
l_t,nx,smallworld,node,True,node_pagerank,node_clustering_coefficient,gaddconv,2,4,1,skipsum,False,relu,0.0,mean,sgd,0.001,79,1.6146,0.0108,134440.0,0.0646,0.0018,0.2238,0.0117,,,,,,,,
l_t,nx,smallworld,node,True,node_pagerank,node_clustering_coefficient,gaddconv,2,6,3,skipconcat,False,swish,0.3,mean,sgd,0.1,99,1.4964,0.0669,141445.0,0.0563,0.0134,0.3392,0.0476,,,,,,,,
l_t,nx,smallworld,node,True,node_pagerank,node_clustering_coefficient,gaddconv,3,4,3,skipconcat,False,relu,0.3,mean,sgd,0.01,359,1.5999,0.0014,139830.0,0.0431,0.0007,0.2465,0.0052,,,,,,,,
l_t,nx,smallworld,node,True,node_pagerank,node_clustering_coefficient,gaddconv,3,6,3,stack,False,relu,0.6,add,sgd,0.001,59,1.6941,0.0325,134411.0,0.0875,0.0347,0.2,0.0059,,,,,,,,
l_t,nx,smallworld,node,True,node_pagerank,node_clustering_coefficient,generalconv,1,8,2,skipsum,False,swish,0.6,add,adam,0.1,99,1.5926,0.0212,134920.0,0.0341,0.0022,0.2624,0.0271,,,,,,,,
l_t,nx,smallworld,node,True,node_pagerank,node_clustering_coefficient,generalconv,2,2,2,skipconcat,False,relu,0.0,mean,adam,0.001,99,1.1106,0.01,135951.0,0.0246,0.0021,0.5189,0.0042,,,,,,,,
l_t,nx,smallworld,node,True,node_pagerank,node_clustering_coefficient,generalconv,2,4,1,skipsum,False,relu,0.0,mean,sgd,0.001,0,1.6086,0.0031,134789.0,0.0308,0.0025,0.2332,0.0013,,,,,,,,
l_t,nx,smallworld,node,True,node_pagerank,node_clustering_coefficient,generalconv,2,6,3,skipconcat,False,swish,0.3,mean,sgd,0.1,39,1.5402,0.0893,141037.0,0.03,0.0011,0.2877,0.0695,,,,,,,,
l_t,nx,smallworld,node,True,node_pagerank,node_clustering_coefficient,generalconv,3,4,3,skipconcat,False,relu,0.3,mean,sgd,0.01,19,1.6084,0.0033,139454.0,0.0306,0.0036,0.2271,0.0075,,,,,,,,
l_t,nx,smallworld,node,True,node_pagerank,node_clustering_coefficient,generalconv,3,6,3,stack,False,relu,0.6,add,sgd,0.001,0,1.6781,0.0031,135360.0,0.0306,0.0016,0.2043,0.0045,,,,,,,,
l_t,nx,smallworld,node,True,node_pagerank,node_clustering_coefficient,gmulconv,1,8,2,skipsum,False,swish,0.6,add,adam,0.1,19,1.7445,0.1745,133685.0,0.0884,0.0174,0.2041,0.0101,,,,,,,,
l_t,nx,smallworld,node,True,node_pagerank,node_clustering_coefficient,gmulconv,2,2,2,skipconcat,False,relu,0.0,mean,adam,0.001,99,1.2225,0.0037,136153.0,0.0337,0.0012,0.4607,0.0019,,,,,,,,
l_t,nx,smallworld,node,True,node_pagerank,node_clustering_coefficient,gmulconv,2,4,1,skipsum,False,relu,0.0,mean,sgd,0.001,0,1.6162,0.0171,133796.0,0.0499,0.001,0.2116,0.0243,,,,,,,,
l_t,nx,smallworld,node,True,node_pagerank,node_clustering_coefficient,gmulconv,2,6,3,skipconcat,False,swish,0.3,mean,sgd,0.1,79,1.5609,0.044,141241.0,0.0574,0.0066,0.2938,0.04,,,,,,,,
l_t,nx,smallworld,node,True,node_pagerank,node_clustering_coefficient,gmulconv,3,4,3,skipconcat,False,relu,0.3,mean,sgd,0.01,279,1.5997,0.0015,139642.0,0.0408,0.0017,0.2447,0.006,,,,,,,,
l_t,nx,smallworld,node,True,node_pagerank,node_clustering_coefficient,gmulconv,3,6,3,stack,False,relu,0.6,add,sgd,0.001,39,1.6661,0.0086,133727.0,0.0685,0.0088,0.2014,0.003,,,,,,,,
